,artist_names,artists_id,danceability,energy,valence,tempo,loudness,mode,key,acousticness,instrumentalness,liveness,speechiness,explicit,duration_ms,popularity,year,release_date,song_title (censored),genre,genre_id
11928,['Bill Cosby'],[70534],0.641,0.444,0.741,78.101,-16.589,1,6,0.945,0.0,0.7,0.95,0,58240,10,1964,1964,Oops!,Comedy/Spoken,4.0
1304,['Jack Kerouac'],[120487],0.59,0.0597,0.551,61.039,-22.86,1,1,0.965,0.0,0.0896,0.267,0,75667,13,1959,1959,Abraham (with Steve Allen),Comedy/Spoken,4.0
11903,['Bill Cosby'],[70534],0.605,0.89,0.281,61.384,-12.366,1,1,0.914,0.0,0.852,0.939,0,63440,15,1963,1963,Superman,Comedy/Spoken,4.0
72809,['Robin Williams'],[287860],0.485,0.506,0.118,108.277,-22.268,1,6,0.858,1.66e-05,0.828,0.902,1,223432,24,1983,1/1/1983,Back Home,Comedy/Spoken,4.0
7813,['Andrew Dice Clay'],[752150],0.388,0.658,0.195,79.992,-12.845,1,2,0.745,0.0,0.965,0.679,0,207093,26,1989,1/1/1989,****** Goose,Comedy/Spoken,4.0
28796,['Eddie Murphy'],[142208],0.699,0.696,0.673,135.027,-13.045,1,11,0.0098,0.000345,0.0427,0.0458,0,253293,57,1985,2/5/1985,Party All the Time,Comedy/Spoken,4.0
77736,['Spinal Tap'],[12654],0.398,0.859,0.72,92.132,-10.572,1,9,0.00264,6.46e-05,0.0305,0.0499,0,156267,39,1984,1/1/1984,******* I'm Gonna Rock You *******,Comedy/Spoken,4.0
72036,['Richard Pryor'],[295415],0.545,0.667,0.42,77.909,-12.837,1,4,0.83,0.0,0.782,0.957,1,101627,43,1975,1975,**** vs. The Police - Remastered Version,Comedy/Spoken,4.0
1074,['Dick Gregory'],[211197],0.502,0.649,0.61,82.643,-13.369,1,8,0.947,5.82e-05,0.158,0.943,0,278547,4,1961,1961,*** Proof,Comedy/Spoken,4.0
72831,['Robin Williams'],[287860],0.592,0.545,0.3,125.352,-20.408,1,6,0.837,3.12e-05,0.948,0.897,1,192610,20,1983,1/1/1983,Devils Dandruff,Comedy/Spoken,4.0
72026,['Richard Pryor'],[295415],0.526,0.575,0.325,137.109,-14.181,0,6,0.89,0.0,0.706,0.943,1,426040,25,1975,1975,Wino & **** - Remastered Version,Comedy/Spoken,4.0
61706,['Mitch Hedberg'],[898946],0.547,0.878,0.305,111.661,-10.684,1,11,0.744,0.0,0.917,0.916,0,124907,40,2003,12/9/2003,Candy Bars,Comedy/Spoken,4.0
28795,['Eddie Murphy'],[142208],0.362,0.943,0.0374,83.906,-12.919,1,1,0.85,0.0,0.419,0.853,1,486853,21,1983,4/11/1983,******* Revisited / **** Prime - Live,Comedy/Spoken,4.0
92482,['Tom Lehrer'],[611877],0.418,0.211,0.664,72.864,-21.385,1,0,0.963,0.0,0.923,0.86,0,102760,12,1960,1/1/1960,The Old Dope Peddler,Comedy/Spoken,4.0
92458,['Tom Lehrer'],[611877],0.575,0.576,0.694,141.717,-12.972,1,7,0.873,0.0,0.786,0.914,0,268680,29,1965,1/1/1965,New Math,Comedy/Spoken,4.0
72035,['Richard Pryor'],[295415],0.531,0.674,0.468,78.778,-12.158,1,8,0.822,0.0,0.908,0.955,1,101773,58,2001,10/2/2001,**** vs. The Police,Comedy/Spoken,4.0
15177,['Bob Newhart'],[67561],0.489,0.953,0.182,81.907,-10.525,0,10,0.941,1.5e-06,0.976,0.916,0,163773,8,1961,1961,TV Commericals,Comedy/Spoken,4.0
81654,['The Smothers Brothers'],[899198],0.622,0.214,0.694,139.479,-19.795,1,4,0.683,0.0,0.0863,0.0401,0,189133,6,1962,1962,Apples Peaches And Cherries,Comedy/Spoken,4.0
1301,['Jack Kerouac'],[120487],0.565,0.0743,0.326,87.313,-24.968,1,1,0.959,1.39e-05,0.191,0.311,0,112733,13,1959,1959,The Wheel of the Quivering Meat Conception (with Steve Allen),Comedy/Spoken,4.0
1309,['Jack Kerouac'],[120487],0.657,0.0698,0.414,109.84,-23.183,1,1,0.889,0.0,0.518,0.535,0,605040,8,1959,1959,Conclusion of the Railroad Earth,Comedy/Spoken,4.0
33296,['Flight of the Conchords'],[513813],0.823,0.783,0.866,95.986,-7.839,0,5,0.0761,0.00754,0.107,0.0744,0,245160,48,2008,4/22/2008,Business Time,Comedy/Spoken,4.0
11915,['Bill Cosby'],[70534],0.561,0.673,0.592,62.984,-11.158,1,8,0.925,0.0,0.244,0.945,0,181307,13,1963,1963,"Noah: Me and You, Lord",Comedy/Spoken,4.0
33297,['Flight of the Conchords'],[513813],0.897,0.594,0.557,106.0,-7.408,1,1,0.0805,0.0,0.438,0.264,0,158147,48,2009,10/20/2009,Hurt Feelings,Comedy/Spoken,4.0
5717,['Adam Sandler'],[500612],0.788,0.455,0.605,131.459,-8.761,1,9,0.362,0.0,0.139,0.0587,1,235040,39,1996,2/9/1996,Ode to My Car,Comedy/Spoken,4.0
72806,['Robin Williams'],[287860],0.604,0.874,0.273,104.986,-11.406,1,8,0.882,0.0,0.96,0.948,0,141907,26,1986,4/11/1986,Marijuana - Live,Comedy/Spoken,4.0
92485,['Tom Lehrer'],[611877],0.586,0.607,0.857,134.66,-11.918,1,3,0.889,0.0,0.739,0.777,0,194800,20,1965,1/1/1965,****,Comedy/Spoken,4.0
77737,['Spinal Tap'],[12654],0.718,0.439,0.939,140.596,-13.236,1,9,0.778,0.000212,0.308,0.0524,0,145400,34,1984,1/1/1984,Gimme **** Money,Comedy/Spoken,4.0
15172,['Bob Newhart'],[67561],0.445,0.632,0.288,81.043,-18.626,1,11,0.914,0.0,0.956,0.942,0,569307,12,1960,1960,The Grace L. Ferguson Airline (And Storm Door Co.),Comedy/Spoken,4.0
43019,['Jerry Lewis'],[278559],0.508,0.317,0.733,112.15,-8.581,1,8,0.234,0.0,0.091,0.0338,0,173133,5,1956,1/1/1956,Back In Your Own Back Yard,Comedy/Spoken,4.0
1922,['Spike Jones'],[744548],0.647,0.656,0.903,98.393,-8.899,1,3,0.993,0.00909,0.393,0.152,0,152880,2,1943,10/14/1943,Ridin' for a Fall,Comedy/Spoken,4.0
72027,['Richard Pryor'],[295415],0.511,0.748,0.221,107.134,-13.023,1,6,0.855,0.0,0.848,0.935,1,70160,24,1975,1975,Flying Saucers - Remastered,Comedy/Spoken,4.0
96737,['Whoopi Goldberg'],[820780],0.699,0.417,0.372,121.855,-15.677,0,9,0.268,0.0,0.1,0.0926,0,220213,59,1994,1/1/1994,"Be Prepared - From ""The Lion King"" / Soundtrack Version",Comedy/Spoken,4.0
92468,['Tom Lehrer'],[611877],0.616,0.526,0.921,108.042,-12.266,1,3,0.86,0.0,0.719,0.886,0,155693,25,1965,1/1/1965,National Brotherhood Week,Comedy/Spoken,4.0
5719,['Adam Sandler'],[500612],0.396,0.577,0.343,88.212,-13.277,1,6,0.826,0.0,0.954,0.823,0,228133,29,1993,9/24/1993,The Thanksgiving Song,Comedy/Spoken,4.0
43022,['Jerry Lewis'],[278559],0.65,0.29,0.826,104.25,-10.413,1,0,0.609,0.0,0.329,0.0308,0,133533,14,1956,1/1/1956,I've Got The World On A String,Comedy/Spoken,4.0
73678,['Rudy Ray Moore'],[364861],0.662,0.464,0.437,85.035,-11.695,0,3,0.98,1.84e-05,0.752,0.939,0,159999,10,1959,1959,My ****,Comedy/Spoken,4.0
72030,['Richard Pryor'],[295415],0.429,0.75,0.234,76.301,-13.897,1,6,0.817,3.21e-06,0.682,0.958,1,222667,22,1975,1975,Black & White Life ****** - Remastered Version,Comedy/Spoken,4.0
28793,['Eddie Murphy'],[142208],0.485,0.978,0.0509,101.297,-9.503,1,9,0.88,0.0,0.678,0.888,1,411093,22,1982,1982,Singers,Comedy/Spoken,4.0
15180,['Bob Newhart'],[67561],0.493,0.536,0.432,94.967,-19.096,1,6,0.933,0.0,0.895,0.928,0,378960,15,1960,1960,Bus Drivers School,Comedy/Spoken,4.0
42514,['Jeff Foxworthy'],[225690],0.486,0.533,0.204,55.663,-15.784,0,0,0.82,0.0,0.876,0.949,0,589080,39,2004,7/6/2004,T.V. And Its Side Effects,Comedy/Spoken,4.0
60489,['Mike Birbiglia'],[404529],0.52,0.832,0.56,105.209,-6.715,0,3,0.875,0.0,0.535,0.924,0,391853,43,2011,4/18/2011,Don't Tell Anyone,Comedy/Spoken,4.0
11902,['Bill Cosby'],[70534],0.532,0.868,0.0549,91.105,-14.188,0,10,0.74,0.0,0.886,0.913,0,75640,16,1963,1963,Noah: And the Neighbor,Comedy/Spoken,4.0
72804,['Robin Williams'],[287860],0.581,0.905,0.198,95.519,-10.797,1,5,0.834,0.0,0.787,0.945,0,111347,26,1986,4/11/1986,Khadafi - Live,Comedy/Spoken,4.0
11918,['Bill Cosby'],[70534],0.438,0.746,0.577,85.178,-14.337,1,1,0.926,0.0,0.786,0.924,0,226373,14,1965,1965,Baby,Comedy/Spoken,4.0
92446,['Tom Lehrer'],[611877],0.501,0.451,0.847,80.614,-12.767,1,3,0.897,0.0,0.751,0.83,0,131893,16,1965,1/1/1965,The Folk Song Army,Comedy/Spoken,4.0
92488,['Tom Lehrer'],[611877],0.495,0.348,0.469,109.763,-17.059,1,8,0.941,0.0,0.738,0.64,0,141440,10,1960,1/1/1960,The Wiener Schnitzel Waltz,Comedy/Spoken,4.0
1299,['Jack Kerouac'],[120487],0.667,0.152,0.557,107.969,-22.002,1,5,0.971,0.0,0.117,0.5,0,370707,14,1959,1959,I Had a Slouch Hat Too One Time (with Steve Allen),Comedy/Spoken,4.0
72817,['Robin Williams'],[287860],0.545,0.735,0.168,81.632,-14.15,1,8,0.789,0.0,0.729,0.96,0,173640,24,1986,4/11/1986,Cops - Live,Comedy/Spoken,4.0
33294,['Flight of the Conchords'],[513813],0.848,0.56,0.724,99.856,-8.666,0,9,0.54,6.24e-05,0.0761,0.346,0,129107,48,2008,4/22/2008,************** vs. ************,Comedy/Spoken,4.0
72799,['Robin Williams'],[287860],0.52,0.552,0.424,111.722,-19.593,1,1,0.857,1.25e-05,0.972,0.907,1,486429,25,1979,1/1/1979,Nicky Lenin,Comedy/Spoken,4.0
11916,['Bill Cosby'],[70534],0.588,0.704,0.472,86.866,-11.302,1,8,0.88,0.0,0.897,0.919,0,105733,12,1963,1963,Little Tiny Hairs,Comedy/Spoken,4.0
72038,['Richard Pryor'],[295415],0.418,0.83,0.549,124.052,-7.7,0,6,0.234,0.00141,0.244,0.119,0,403800,28,1978,1/1/1978,Emerald City Sequence,Comedy/Spoken,4.0
7290,['Allan Sherman'],[2273],0.505,0.403,0.382,93.871,-12.125,1,8,0.85,0.0,0.661,0.129,0,197333,15,1963,1963,Return to Camp *******,Comedy/Spoken,4.0
92454,['Tom Lehrer'],[611877],0.562,0.435,0.591,111.367,-13.963,1,7,0.965,0.0,0.932,0.575,0,159467,34,1959,1/1/1959,Poisoning Pigeons In The Park,Comedy/Spoken,4.0
73682,['Rudy Ray Moore'],[364861],0.605,0.536,0.67,79.104,-9.131,1,8,0.969,1.19e-05,0.805,0.831,0,136094,9,1962,1962,The Plane Started Dipping,Comedy/Spoken,4.0
72810,['Robin Williams'],[287860],0.57,0.622,0.262,130.604,-22.756,1,9,0.876,0.000406,0.686,0.919,1,76017,24,1983,1/1/1983,Richard Simmons,Comedy/Spoken,4.0
11912,['Bill Cosby'],[70534],0.673,0.373,0.783,113.506,-16.268,1,3,0.931,0.0,0.956,0.945,0,167440,13,1964,1964,Rigor Mortis,Comedy/Spoken,4.0
92465,['Tom Lehrer'],[611877],0.52,0.519,0.532,138.795,-15.615,1,5,0.946,0.0,0.925,0.932,0,183187,17,1959,1/1/1959,Bright College Days,Comedy/Spoken,4.0
72813,['Robin Williams'],[287860],0.569,0.679,0.679,102.229,-16.447,1,9,0.858,0.0,0.697,0.927,1,145148,23,1979,1/1/1979,Come Inside My Mind,Comedy/Spoken,4.0
72824,['Robin Williams'],[287860],0.652,0.919,0.25,65.244,-11.395,1,10,0.814,0.0,0.924,0.952,0,273773,23,1986,4/11/1986,Dr. Roof - Live,Comedy/Spoken,4.0
92447,['Tom Lehrer'],[611877],0.68,0.238,0.517,120.33,-13.899,1,0,0.964,0.0,0.168,0.387,0,257973,9,1959,1/1/1959,Clementine,Comedy/Spoken,4.0
92211,['Tiny Tim'],[603980],0.616,0.236,0.772,122.302,-19.288,1,11,0.881,0.0283,0.198,0.036,0,220387,28,1968,1968,On the Old Front Porch,Comedy/Spoken,4.0
77733,['Spinal Tap'],[12654],0.507,0.804,0.508,112.849,-10.18,1,9,0.0244,0.0104,0.026,0.0754,0,200933,27,1984,1/1/1984,**** Farm,Comedy/Spoken,4.0
92469,['Tom Lehrer'],[611877],0.594,0.605,0.922,107.001,-11.084,1,3,0.86,0.0,0.728,0.804,0,119720,24,1965,1/1/1965,Who's Next?,Comedy/Spoken,4.0
72033,['Richard Pryor'],[295415],0.454,0.735,0.298,60.353,-12.97,0,6,0.833,1.39e-06,0.824,0.951,1,216573,21,1975,1975,The Back Down - Remastered,Comedy/Spoken,4.0
11921,['Bill Cosby'],[70534],0.621,0.68,0.654,110.247,-11.266,0,2,0.876,0.0,0.74,0.913,0,134133,11,1963,1963,The Difference Between Men and Woman,Comedy/Spoken,4.0
92481,['Tom Lehrer'],[611877],0.534,0.641,0.628,123.8,-8.971,0,2,0.903,0.0,0.898,0.572,0,210320,13,1959,1/1/1959,The Masochism Tango,Comedy/Spoken,4.0
86975,['The Lonely Island'],[1036613],0.52,0.795,0.394,67.875,-3.452,1,1,0.177,0.0,0.107,0.345,1,193013,48,2009,2009,Boombox,Comedy/Spoken,4.0
92442,['Tom Lehrer'],[611877],0.497,0.472,0.325,130.771,-14.86,1,0,0.911,0.0,0.699,0.791,0,172813,10,1959,1/1/1959,***** My ****,Comedy/Spoken,4.0
86974,['The Lonely Island'],[1036613],0.661,0.818,0.673,129.736,-4.286,1,8,0.00107,1.4e-05,0.066,0.347,0,158520,51,2011,1/1/2011,Threw It On The Ground,Comedy/Spoken,4.0
28791,['Eddie Murphy'],[142208],0.487,0.922,0.483,96.106,-9.35,0,6,0.855,0.0,0.956,0.759,1,349107,22,1982,1982,Hit By a Car,Comedy/Spoken,4.0
92487,['Tom Lehrer'],[611877],0.581,0.414,0.749,65.589,-17.244,1,5,0.94,0.0,0.899,0.912,0,158707,11,1959,1/1/1959,A Christmas Carol,Comedy/Spoken,4.0
92472,['Tom Lehrer'],[611877],0.506,0.255,0.61,204.113,-15.268,1,7,0.986,0.0,0.17,0.292,0,133493,15,1959,1/1/1959,Poisoning Pigeons In The Park,Comedy/Spoken,4.0
2640,['Cassius Clay'],[802264],0.747,0.397,0.967,115.381,-13.255,1,7,0.312,0.0,0.114,0.0406,0,131267,31,1963,1963,Stand by Me,Comedy/Spoken,4.0
72811,['Robin Williams'],[287860],0.466,0.528,0.184,166.82,-21.129,1,9,0.882,0.000149,0.922,0.936,1,245975,24,1983,1/1/1983,Shake ***** With Mr Happy,Comedy/Spoken,4.0
72815,['Robin Williams'],[287860],0.543,0.359,0.732,134.773,-18.435,1,0,0.914,1.81e-06,0.809,0.6,1,464910,23,1979,1/1/1979,Reverend Earnest Angry,Comedy/Spoken,4.0
35809,['George Carlin'],[639005],0.506,0.932,0.383,83.215,-10.328,1,2,0.757,0.0,0.521,0.925,1,482667,37,1999,2/10/1999,Airport Security,Comedy/Spoken,4.0
86977,['The Lonely Island'],[1036613],0.711,0.765,0.47,98.627,-4.85,1,5,0.297,0.0,0.282,0.263,1,150587,59,2016,6/3/2016,Finest **** (Bin Laden Song),Comedy/Spoken,4.0
16743,['Brian Regan'],[615937],0.445,0.543,0.356,178.007,-15.884,0,6,0.807,1.3e-06,0.67,0.938,0,94307,43,1997,10/28/1997,Hooked On Phonix,Comedy/Spoken,4.0
92459,['Tom Lehrer'],[611877],0.646,0.212,0.608,118.142,-14.477,1,5,0.984,0.0,0.122,0.131,0,207080,21,1959,1/1/1959,We Will All Go Together When We Go,Comedy/Spoken,4.0
78663,['Steve Martin'],[43444],0.758,0.545,0.919,149.479,-15.797,1,5,0.179,0.000751,0.419,0.2,0,148960,39,1986,11/24/1986,Dentist!,Comedy/Spoken,4.0
72032,['Richard Pryor'],[295415],0.511,0.385,0.25,76.983,-11.342,1,4,0.813,1.86e-06,0.175,0.351,0,166360,23,1978,1/1/1978,So You Wanted To See The Wizard,Comedy/Spoken,4.0
61710,['Mitch Hedberg'],[898946],0.491,0.938,0.145,78.065,-10.254,1,1,0.791,0.0,0.715,0.95,0,138893,44,2003,12/9/2003,Sandwiches,Comedy/Spoken,4.0
28789,['Eddie Murphy'],[142208],0.521,0.527,0.212,130.314,-20.479,1,1,0.9,4.13e-06,0.753,0.918,0,116627,23,1982,1982,"""Buckwheat""",Comedy/Spoken,4.0
11906,['Bill Cosby'],[70534],0.598,0.626,0.454,139.593,-11.955,1,8,0.869,0.0,0.953,0.939,0,310840,15,1963,1963,Karate,Comedy/Spoken,4.0
72827,['Robin Williams'],[287860],0.479,0.534,0.104,79.5,-26.651,0,10,0.832,1.39e-05,0.866,0.918,1,138315,21,1983,1/1/1983,****,Comedy/Spoken,4.0
11922,['Bill Cosby'],[70534],0.59,0.629,0.253,121.579,-12.376,1,9,0.92,0.0,0.76,0.935,0,187227,11,1963,1963,Greasy Kid Stuff,Comedy/Spoken,4.0
74350,['Sam Kinison'],[287092],0.455,0.761,0.679,98.618,-13.483,1,9,0.01,0.00603,0.663,0.0455,1,265507,29,1988,6/15/1988,Wild Thing,Comedy/Spoken,4.0
15174,['Bob Newhart'],[67561],0.544,0.88,0.359,87.524,-10.329,1,6,0.949,0.000315,0.733,0.935,0,310813,10,1961,1961,Tourist Meets Khrushchev,Comedy/Spoken,4.0
16740,['Brian Regan'],[615937],0.555,0.55,0.223,89.322,-16.25,1,6,0.871,0.000308,0.679,0.869,0,149760,33,1997,10/28/1997,*** Barking,Comedy/Spoken,4.0
11925,['Bill Cosby'],[70534],0.4,0.931,0.0372,84.547,-10.307,0,3,0.76,0.0,0.929,0.908,0,359816,22,1982,1/1/1982,The Dentist,Comedy/Spoken,4.0
72826,['Robin Williams'],[287860],0.495,0.876,0.13,77.555,-11.494,1,1,0.905,0.0,0.693,0.96,0,363413,23,1986,4/11/1986,Childhood - Live,Comedy/Spoken,4.0
19941,['Cheech & Chong'],[106298],0.412,0.771,0.517,135.015,-7.28,0,4,0.696,1.56e-05,0.884,0.108,0,244785,24,1973,1973,Basketball Jones,Comedy/Spoken,4.0
11908,['Bill Cosby'],[70534],0.538,0.622,0.409,112.344,-15.535,1,8,0.915,0.0,0.813,0.896,0,189000,16,1965,1965,Shop,Comedy/Spoken,4.0
5720,['Adam Sandler'],[500612],0.54,0.382,0.857,106.608,-12.183,1,9,0.858,0.0,0.0967,0.454,0,115320,44,1979,1979,Grow Old with You,Comedy/Spoken,4.0
24125,['David Cross'],[644216],0.604,0.611,0.574,80.186,-9.632,1,6,0.831,0.0,0.763,0.945,1,301333,41,2002,5/11/2002,Phone **** From A Cranky Terrorist,Comedy/Spoken,4.0
11910,['Bill Cosby'],[70534],0.426,0.823,0.507,171.037,-10.849,1,11,0.881,0.0,0.71,0.911,0,54547,13,1964,1964,The Water Bottle,Comedy/Spoken,4.0
72818,['Robin Williams'],[287860],0.569,0.79,0.166,95.798,-13.108,1,1,0.852,0.0,0.478,0.958,0,345253,24,1986,4/11/1986,Reagan - Live,Comedy/Spoken,4.0
5722,['Adam Sandler'],[500612],0.851,0.265,0.94,116.467,-14.402,1,4,0.712,0.000711,0.75,0.432,1,112859,44,1998,1998,******** **** Me,Comedy/Spoken,4.0
11931,['Bill Cosby'],[70534],0.708,0.318,0.628,61.309,-17.32,0,10,0.908,0.0,0.867,0.94,0,103307,10,1964,1964,Christmas Time,Comedy/Spoken,4.0
11941,['Bill Cosby'],[70534],0.711,0.474,0.404,105.261,-12.333,0,11,0.944,0.0,0.704,0.949,0,130347,17,1963,1963,Toss of the Coin,Comedy/Spoken,4.0
1310,['Jack Kerouac'],[120487],0.555,0.0539,0.3,79.426,-24.601,0,7,0.956,0.0,0.193,0.322,0,399107,8,1959,1959,Old Western Movies,Comedy/Spoken,4.0
78812,['Steven Wright'],[47246],0.448,0.917,0.118,88.044,-11.226,0,5,0.833,0.0,0.879,0.935,0,133880,25,1985,1985,Hitchhiking,Comedy/Spoken,4.0
72821,['Robin Williams'],[287860],0.585,0.47,0.212,57.073,-24.345,1,3,0.84,0.0,0.902,0.949,1,188873,21,1983,1/1/1983,The *********,Comedy/Spoken,4.0
11914,['Bill Cosby'],[70534],0.486,0.722,0.848,64.908,-14.568,1,7,0.941,1.41e-05,0.913,0.91,0,62493,15,1965,1965,Personal Hygiene,Comedy/Spoken,4.0
92466,['Tom Lehrer'],[611877],0.529,0.316,0.745,127.362,-17.099,1,7,0.913,0.0,0.687,0.626,0,147360,16,1960,1/1/1960,When You Are Old And Grey,Comedy/Spoken,4.0
92453,['Tom Lehrer'],[611877],0.656,0.372,0.916,115.39,-12.495,1,0,0.956,0.0,0.129,0.0811,0,86453,38,1959,1/1/1959,The Elements (Music By Sir Arthur Sullivan),Comedy/Spoken,4.0
72812,['Robin Williams'],[287860],0.521,0.887,0.154,64.525,-11.159,0,5,0.87,0.0,0.749,0.958,0,251147,25,1986,4/11/1986,Cocaine - Live,Comedy/Spoken,4.0
73687,['Rudy Ray Moore'],[364861],0.598,0.346,0.521,99.225,-13.611,1,7,0.799,0.0,0.517,0.855,1,265149,9,1964,1964,Indian Reservation: Mistreated,Comedy/Spoken,4.0
78662,['Steve Martin'],[43444],0.554,0.726,0.138,115.111,-15.596,1,10,0.795,0.0,0.685,0.884,0,186227,28,1979,9/14/1979,Googlephonics,Comedy/Spoken,4.0
92478,['Tom Lehrer'],[611877],0.616,0.259,0.685,117.719,-12.069,0,7,0.969,0.0,0.11,0.106,0,183253,14,1959,1/1/1959,The Masochism Tango,Comedy/Spoken,4.0
33295,['Flight of the Conchords'],[513813],0.814,0.516,0.708,144.032,-9.419,1,9,0.676,0.0,0.114,0.236,0,242160,48,2008,4/22/2008,The Most Beautiful **** (In The Room),Comedy/Spoken,4.0
72814,['Robin Williams'],[287860],0.549,0.65,0.45,45.518,-20.189,1,7,0.845,2.08e-05,0.768,0.623,1,64528,23,1979,1/1/1979,A Touch Of Fairfax,Comedy/Spoken,4.0
72025,['Richard Pryor'],[295415],0.414,0.822,0.179,83.979,-15.263,0,5,0.85,0.0,0.909,0.941,1,208200,27,1975,1975,I Hope I'm Funny - Remastered,Comedy/Spoken,4.0
72797,['Robin Williams'],[287860],0.583,0.78,0.348,113.531,-12.921,1,3,0.939,0.0,0.87,0.921,0,91320,28,1986,4/11/1986,Ballet - Live,Comedy/Spoken,4.0
92475,['Tom Lehrer'],[611877],0.604,0.59,0.945,134.474,-12.321,1,5,0.891,0.0,0.736,0.93,0,143320,22,1965,1/1/1965,"So Long, Mom (A Song For World War III)",Comedy/Spoken,4.0
5721,['Adam Sandler'],[500612],0.513,0.523,0.371,155.552,-5.844,1,0,0.486,0.0,0.102,0.0476,1,197293,41,1993,9/24/1993,At a Medium Pace,Comedy/Spoken,4.0
19942,['Cheech & Chong'],[106298],0.523,0.493,0.478,99.048,-9.218,1,9,0.117,5.88e-05,0.103,0.0355,1,237040,22,1978,1978,Up In Smoke ****,Comedy/Spoken,4.0
11938,['Bill Cosby'],[70534],0.554,0.745,0.662,96.319,-11.091,1,9,0.978,0.0,0.705,0.942,0,85867,12,1966,1966,Special *****,Comedy/Spoken,4.0
73681,['Rudy Ray Moore'],[364861],0.635,0.495,0.578,114.14,-6.55,1,7,0.968,0.0,0.891,0.423,0,209624,9,1962,1962,Beatniks *********** Trial,Comedy/Spoken,4.0
43026,['Jerry Lewis'],[278559],0.565,0.669,0.901,80.955,-11.417,1,0,0.593,0.0,0.508,0.0759,0,112533,28,1986,11/4/1986,Great Balls of Fire,Comedy/Spoken,4.0
92467,['Tom Lehrer'],[611877],0.486,0.322,0.834,94.174,-19.529,1,3,0.92,0.0,0.725,0.773,0,151307,16,1960,1/1/1960,The Wild West Is Where I Want To Be,Comedy/Spoken,4.0
1302,['Jack Kerouac'],[120487],0.694,0.269,0.822,140.37,-17.95,0,2,0.961,0.00256,0.172,0.103,0,37240,14,1959,1959,I'd Rather Be Thin Than Famous (with Steve Allen),Comedy/Spoken,4.0
72803,['Robin Williams'],[287860],0.524,0.512,0.101,108.305,-20.944,1,2,0.869,4.14e-05,0.894,0.918,1,179722,25,1983,1/1/1983,Cats,Comedy/Spoken,4.0
72808,['Robin Williams'],[287860],0.511,0.402,0.151,90.84,-25.399,1,2,0.791,0.0,0.961,0.93,1,258401,24,1983,1/1/1983,Wines,Comedy/Spoken,4.0
72816,['Robin Williams'],[287860],0.55,0.455,0.709,71.044,-20.605,1,4,0.797,0.000203,0.945,0.359,1,76744,23,1983,1/1/1983,Elmer Fudd Sings Bruce Springsteen,Comedy/Spoken,4.0
72034,['Richard Pryor'],[295415],0.417,0.983,0.0375,74.449,-12.949,1,2,0.764,0.0,0.955,0.943,1,73960,21,1983,1983,******* - Remastered,Comedy/Spoken,4.0
11937,['Bill Cosby'],[70534],0.626,0.415,0.619,75.833,-19.554,1,8,0.907,0.0,0.696,0.948,0,195587,10,1964,1964,The Neanderthal Man,Comedy/Spoken,4.0
72822,['Robin Williams'],[287860],0.612,0.787,0.172,132.39,-12.617,1,1,0.803,0.0,0.781,0.949,0,228267,23,1986,4/11/1986,**** - Live,Comedy/Spoken,4.0
72834,['Robin Williams'],[287860],0.655,0.218,0.374,78.465,-24.287,1,8,0.73,0.0,0.382,0.926,1,154645,19,1983,1/1/1983,Newsboy,Comedy/Spoken,4.0
1072,['Dick Gregory'],[211197],0.56,0.725,0.654,107.281,-11.888,0,1,0.932,2.74e-05,0.691,0.934,0,217173,7,1961,1961,Commentary on Affairs Political,Comedy/Spoken,4.0
92464,['Tom Lehrer'],[611877],0.549,0.646,0.44,129.636,-13.276,1,0,0.873,0.0,0.71,0.894,0,290520,18,1959,1/1/1959,It Makes A Fellow Proud To Be A Soldier,Comedy/Spoken,4.0
73685,['Rudy Ray Moore'],[364861],0.573,0.415,0.504,127.698,-9.819,0,3,0.984,2.39e-05,0.976,0.477,0,211001,9,1962,1962,I'm in Love *****,Comedy/Spoken,4.0
92445,['Tom Lehrer'],[611877],0.642,0.215,0.683,98.521,-13.375,1,5,0.967,0.0,0.0929,0.316,0,102840,9,1959,1/1/1959,A Christmas Carol,Comedy/Spoken,4.0
16745,['Brian Regan'],[615937],0.557,0.635,0.213,131.606,-14.276,0,6,0.794,2.88e-06,0.921,0.887,0,292920,39,1997,10/28/1997,You Too & Stuff,Comedy/Spoken,4.0
92210,['Tiny Tim'],[603980],0.588,0.165,0.605,135.958,-20.076,1,4,0.97,0.000117,0.206,0.0498,0,110840,49,1968,1968,Tip Toe Thru' the Tulips with Me,Comedy/Spoken,4.0
19943,['Cheech & Chong'],[106298],0.641,0.34,0.586,98.715,-11.368,1,9,0.803,0.0,0.096,0.0282,1,145640,40,1978,1978,Up in Smoke,Comedy/Spoken,4.0
73684,['Rudy Ray Moore'],[364861],0.543,0.44,0.53,165.049,-9.532,0,3,0.98,1.85e-05,0.235,0.643,0,107672,9,1962,1962,Problems of the World,Comedy/Spoken,4.0
11943,['Bill Cosby'],[70534],0.0,0.77,0.0,0.0,-15.316,0,9,0.862,1.88e-06,0.694,0.0,0,215280,16,1963,1963,Noah: Right!,Comedy/Spoken,4.0
1075,['Dick Gregory'],[211197],0.603,0.564,0.624,116.457,-13.167,1,2,0.942,3.82e-06,0.576,0.934,0,200320,4,1961,1961,Not Poor -- Just Busted,Comedy/Spoken,4.0
72024,['Richard Pryor'],[295415],0.463,0.847,0.268,110.84,-12.477,1,2,0.86,3.18e-05,0.936,0.936,1,130000,27,1975,1975,Wino Dealing with Dracula - Remastered Version,Comedy/Spoken,4.0
61707,['Mitch Hedberg'],[898946],0.498,0.917,0.256,78.283,-10.434,1,3,0.768,0.0,0.864,0.947,0,66787,40,2003,12/9/2003,"Not Track Five, Not Chainsaw Juggler",Comedy/Spoken,4.0
20849,['Christian Finnegan'],[914671],0.591,0.688,0.549,111.929,-10.282,1,1,0.847,0.0,0.951,0.913,0,348347,44,2006,10/24/2006,****** People (And A Perfectly Good Font Joke),Comedy/Spoken,4.0
61709,['Mitch Hedberg'],[898946],0.473,0.941,0.182,82.672,-10.66,1,2,0.791,0.0,0.732,0.945,0,113280,37,2003,12/9/2003,Teeth,Comedy/Spoken,4.0
73686,['Rudy Ray Moore'],[364861],0.594,0.534,0.588,91.592,-13.184,1,5,0.916,0.0,0.792,0.957,1,137857,9,1964,1964,The Songs and Humor: Harelip Kid,Comedy/Spoken,4.0
1300,['Jack Kerouac'],[120487],0.473,0.0629,0.528,82.828,-26.743,0,2,0.969,5.39e-05,0.099,0.423,0,47400,14,1959,1959,One ****** (with Steve Allen),Comedy/Spoken,4.0
43021,['Jerry Lewis'],[278559],0.535,0.433,0.491,87.87,-8.401,1,7,0.457,0.0,0.114,0.0331,0,156067,40,1956,1/1/1956,Rock-A-Bye Your Baby With A Dixie Melody,Comedy/Spoken,4.0
15171,['Bob Newhart'],[67561],0.447,0.85,0.21,134.304,-14.257,1,11,0.943,0.000116,0.806,0.917,0,314467,12,1960,1960,********** and a Private in Washington's Army,Comedy/Spoken,4.0
11917,['Bill Cosby'],[70534],0.525,0.679,0.631,106.642,-13.695,0,7,0.94,0.0,0.883,0.925,0,230360,14,1965,1965,Driving in San Francisco,Comedy/Spoken,4.0
16738,['Brian Regan'],[615937],0.536,0.49,0.309,93.271,-14.237,1,5,0.821,1.53e-05,0.933,0.89,0,175440,33,1997,10/28/1997,Horns & Windshields,Comedy/Spoken,4.0
43020,['Jerry Lewis'],[278559],0.445,0.184,0.381,184.386,-12.326,1,2,0.824,0.0,0.0433,0.0556,0,200800,4,1956,1/1/1956,Birth Of The *****,Comedy/Spoken,4.0
1314,['Jack Kerouac'],[120487],0.687,0.194,0.377,128.173,-17.901,1,5,0.99,2.91e-05,0.115,0.403,0,64373,17,1959,1959,Deadbelly (with Steve Allen),Comedy/Spoken,4.0
23157,['Dane Cook'],[674417],0.573,0.96,0.594,84.975,-3.39,1,7,0.823,0.0,0.972,0.879,1,109000,41,2009,5/19/2009,**** ***,Comedy/Spoken,4.0
1315,['Jack Kerouac'],[120487],0.684,0.217,0.533,78.715,-16.702,1,6,0.983,7.97e-06,0.123,0.517,0,103107,16,1959,1959,Goofing at the Table (with Steve Allen),Comedy/Spoken,4.0
1305,['Jack Kerouac'],[120487],0.754,0.303,0.66,118.15,-14.455,1,0,0.957,0.000607,0.266,0.152,0,30040,13,1959,1959,Dave Brubeck (with Steve Allen),Comedy/Spoken,4.0
1308,['Jack Kerouac'],[120487],0.714,0.133,0.427,126.071,-15.762,1,0,0.905,0.0,0.206,0.554,0,849000,9,1959,1959,"Poems from the *********** ""Book of ******",Comedy/Spoken,4.0
11911,['Bill Cosby'],[70534],0.671,0.271,0.685,49.893,-16.761,1,9,0.914,0.0,0.738,0.936,0,73147,13,1964,1964,T.V. ********,Comedy/Spoken,4.0
11923,['Bill Cosby'],[70534],0.563,0.468,0.633,149.453,-15.112,1,3,0.953,0.0,0.738,0.952,0,187067,10,1964,1964,The Lone Ranger,Comedy/Spoken,4.0
28794,['Eddie Murphy'],[142208],0.565,0.354,0.489,93.591,-22.378,1,1,0.804,0.0,0.926,0.929,1,244707,21,1982,1982,Drinking *******,Comedy/Spoken,4.0
77738,['Spinal Tap'],[12654],0.384,0.467,0.258,119.535,-13.643,1,9,0.432,0.0124,0.636,0.0439,0,274973,35,1984,1/1/1984,Stonehenge,Comedy/Spoken,4.0
1316,['Jack Kerouac'],[120487],0.661,0.0444,0.213,133.552,-18.359,1,10,0.899,0.000433,0.14,0.214,0,599707,15,1959,1959,American Haikus,Comedy/Spoken,4.0
43025,['Jerry Lewis'],[278559],0.508,0.559,0.933,185.797,-8.133,0,0,0.744,0.0,0.0783,0.0861,0,103773,9,1956,1/1/1956,I'm Sitting On Top Of The World,Comedy/Spoken,4.0
35813,['George Carlin'],[639005],0.666,0.749,0.416,87.704,-13.519,1,1,0.708,0.0,0.868,0.944,1,231827,27,1990,11/20/1990,**** Can Be Funny,Comedy/Spoken,4.0
72830,['Robin Williams'],[287860],0.625,0.446,0.187,100.808,-22.411,1,1,0.763,0.0,0.962,0.942,1,81014,20,1983,1/1/1983,Nicholson,Comedy/Spoken,4.0
92444,['Tom Lehrer'],[611877],0.653,0.233,0.486,128.796,-13.825,1,5,0.979,0.0,0.131,0.324,0,126453,10,1959,1/1/1959,Bright College Days,Comedy/Spoken,4.0
15179,['Bob Newhart'],[67561],0.519,0.843,0.423,100.141,-10.673,0,5,0.964,0.0,0.867,0.825,0,70000,7,1961,1961,Herb Philbrick - Counter Spy,Comedy/Spoken,4.0
11913,['Bill Cosby'],[70534],0.484,0.62,0.656,94.517,-14.553,0,7,0.946,0.0,0.786,0.933,0,458933,15,1965,1965,$75 Car,Comedy/Spoken,4.0
33298,['Flight of the Conchords'],[513813],0.864,0.523,0.695,139.996,-9.86,0,9,0.414,1.26e-05,0.121,0.0702,0,223360,46,2008,4/22/2008,Robots,Comedy/Spoken,4.0
73688,['Rudy Ray Moore'],[364861],0.618,0.376,0.481,98.264,-15.207,0,10,0.94,0.0,0.397,0.945,1,281275,9,1964,1964,Who Done It?: Beatniks,Comedy/Spoken,4.0
78809,['Steven Wright'],[47246],0.486,0.931,0.0563,63.953,-12.188,1,1,0.8,0.0,0.687,0.935,0,282773,29,1985,1985,Ants,Comedy/Spoken,4.0
11939,['Bill Cosby'],[70534],0.513,0.844,0.512,70.873,-6.72,1,10,0.736,0.0,0.945,0.732,0,106733,16,1968,1968,The Apple,Comedy/Spoken,4.0
19936,['Cheech & Chong'],[106298],0.619,0.659,0.731,121.679,-11.89,1,0,0.265,0.0,0.163,0.0491,0,292827,27,1985,1985,Born In East L.A.,Comedy/Spoken,4.0
72037,['Richard Pryor'],[295415],0.51,0.685,0.32,114.478,-14.742,0,8,0.933,7.39e-05,0.715,0.934,1,324227,29,1975,1975,**** WIth a Seizure - Remastered Version,Comedy/Spoken,4.0
35811,['George Carlin'],[639005],0.458,0.834,0.139,57.15,-13.217,1,6,0.798,0.0,0.76,0.89,1,150133,28,1990,11/20/1990,**** People Are ****,Comedy/Spoken,4.0
78664,['Steve Martin'],[43444],0.427,0.354,0.157,122.477,-16.576,1,4,0.578,0.0,0.335,0.117,0,172107,45,1998,1/1/1998,Playing With The Big Boys - The Prince Of Egypt/Soundtrack Version,Comedy/Spoken,4.0
11904,['Bill Cosby'],[70534],0.508,0.67,0.574,107.684,-13.764,1,6,0.784,0.0,0.865,0.908,0,80640,16,1964,1964,Street ********,Comedy/Spoken,4.0
11905,['Bill Cosby'],[70534],0.517,0.535,0.603,128.231,-14.993,0,7,0.958,0.0,0.817,0.909,0,494507,18,1965,1965,Kindergarten,Comedy/Spoken,4.0
11934,['Bill Cosby'],[70534],0.646,0.445,0.779,60.037,-15.353,1,0,0.937,0.0,0.754,0.948,0,46867,9,1964,1964,Half Man,Comedy/Spoken,4.0
73013,['Rodney Dangerfield'],[245292],0.498,0.736,0.242,83.932,-14.779,1,5,0.812,0.0,0.565,0.95,1,1171360,23,1980,1/1/1980,No Respect,Comedy/Spoken,4.0
72031,['Richard Pryor'],[295415],0.42,0.775,0.319,81.993,-13.291,1,2,0.792,2.61e-06,0.973,0.955,1,113267,22,1975,1975,Exorcist - Remastered Version,Comedy/Spoken,4.0
11919,['Bill Cosby'],[70534],0.513,0.63,0.1,97.098,-11.923,1,6,0.775,0.0,0.779,0.911,0,464693,24,1982,1/1/1982,Chocolate Cake For Breakfast,Comedy/Spoken,4.0
92471,['Tom Lehrer'],[611877],0.555,0.572,0.571,122.268,-16.13,1,0,0.954,2e-06,0.723,0.782,0,138853,16,1959,1/1/1959,The Elements (Music By Sir Arthur Sullivan),Comedy/Spoken,4.0
1306,['Jack Kerouac'],[120487],0.615,0.0121,0.246,110.75,-28.04,1,5,0.942,0.0,0.0853,0.206,0,133960,9,1959,1959,Hard Hearted Old Farmer,Comedy/Spoken,4.0
81653,['The Smothers Brothers'],[899198],0.472,0.0711,0.368,113.136,-20.641,1,3,0.748,0.0,0.177,0.0327,0,220733,6,1962,1962,The Four Winds And The Seven Seas,Comedy/Spoken,4.0
94984,['Victor Borge'],[203804],0.362,0.834,0.0339,85.228,-17.247,1,7,0.861,8.7e-05,0.821,0.884,0,1581160,7,1953,1953,"Comedy in Music, Part I - Voice",Comedy/Spoken,4.0
43014,['Jerry Lewis'],[278559],0.578,0.32,0.78,142.578,-9.634,1,3,0.68,0.0,0.0274,0.04,0,136933,7,1956,1/1/1956,Shine On Your Shoes,Comedy/Spoken,4.0
92207,['Tiny Tim'],[603980],0.186,0.195,0.337,78.435,-19.85,1,3,0.891,0.0155,0.111,0.0345,0,203293,21,1968,1968,Strawberry Tea,Comedy/Spoken,4.0
59238,['Mel Brooks'],[342833],0.627,0.334,0.711,73.273,-17.939,0,9,0.919,0.0,0.101,0.958,0,147880,21,1972,1972,Boy Meets ****,Comedy/Spoken,4.0
77735,['Spinal Tap'],[12654],0.665,0.437,0.737,113.37,-13.059,1,0,0.0762,0.0116,0.119,0.0335,0,212360,37,1984,1/1/1984,Big Bottom,Comedy/Spoken,4.0
92450,['Tom Lehrer'],[611877],0.586,0.481,0.769,111.559,-13.388,1,5,0.892,0.0,0.865,0.891,0,327347,15,1965,1/1/1965,Alma,Comedy/Spoken,4.0
73680,['Rudy Ray Moore'],[364861],0.667,0.526,0.614,99.355,-9.356,1,9,0.984,0.00195,0.669,0.883,0,124320,9,1959,1959,The New President - The Lady Speaker,Comedy/Spoken,4.0
43018,['Jerry Lewis'],[278559],0.293,0.102,0.134,132.626,-17.104,0,8,0.845,1.45e-05,0.366,0.0368,0,226467,6,1956,1/1/1956,How Long Has This Been Going On?,Comedy/Spoken,4.0
92449,['Tom Lehrer'],[611877],0.497,0.518,0.145,94.198,-21.175,0,1,0.893,0.0,0.713,0.95,0,207827,9,1960,1/1/1960,Introduction,Comedy/Spoken,4.0
72801,['Robin Williams'],[287860],0.663,0.345,0.51,82.852,-22.862,0,10,0.861,1.68e-06,0.955,0.919,1,103909,24,1979,1/1/1979,Kindergarten Of The Stars,Comedy/Spoken,4.0
92457,['Tom Lehrer'],[611877],0.592,0.333,0.436,80.145,-19.788,0,9,0.882,0.0,0.724,0.916,0,259853,20,1960,1/1/1960,Lobachevsky,Comedy/Spoken,4.0
11920,['Bill Cosby'],[70534],0.627,0.778,0.094,114.387,-12.088,1,0,0.829,0.0,0.844,0.945,0,261400,24,1982,1/1/1982,Brain Damage,Comedy/Spoken,4.0
1311,['Jack Kerouac'],[120487],0.568,0.225,0.584,70.672,-17.924,1,1,0.982,3.21e-05,0.15,0.527,0,427800,32,1959,1959,October in the Railroad Earth (with Steve Allen),Comedy/Spoken,4.0
92462,['Tom Lehrer'],[611877],0.46,0.575,0.83,174.122,-13.058,1,7,0.91,0.0,0.709,0.929,0,106600,26,1965,1/1/1965,Wernher Von Braun,Comedy/Spoken,4.0
11930,['Bill Cosby'],[70534],0.566,0.29,0.727,85.846,-18.346,0,10,0.917,0.0,0.723,0.941,0,148373,10,1964,1964,The Giant,Comedy/Spoken,4.0
81652,['The Smothers Brothers'],[899198],0.481,0.725,0.882,92.538,-18.729,1,0,0.664,0.0,0.839,0.927,0,40827,5,1962,1962,I Don't Care,Comedy/Spoken,4.0
77734,['Spinal Tap'],[12654],0.456,0.609,0.749,115.383,-11.462,1,9,0.00424,5.03e-05,0.58,0.038,0,187667,25,1984,1/1/1984,**** Hole,Comedy/Spoken,4.0
72807,['Robin Williams'],[287860],0.72,0.251,0.645,116.47,-17.13,1,9,0.883,0.0,0.255,0.909,0,129000,35,1988,8/1/1988,Adrian Cronauer - Pt. *,Comedy/Spoken,4.0
92463,['Tom Lehrer'],[611877],0.621,0.61,0.86,111.189,-10.861,1,0,0.837,0.0,0.726,0.523,0,134333,25,1965,1/1/1965,The Vatican Rag,Comedy/Spoken,4.0
33299,['Flight of the Conchords'],[513813],0.736,0.668,0.785,148.963,-8.842,1,2,0.408,8.81e-06,0.111,0.116,0,206840,45,2009,10/20/2009,Carol *****,Comedy/Spoken,4.0
92448,['Tom Lehrer'],[611877],0.555,0.282,0.457,110.6,-13.313,1,2,0.973,1.94e-06,0.0948,0.0639,0,248387,9,1959,1/1/1959,In Old Mexico,Comedy/Spoken,4.0
5718,['Adam Sandler'],[500612],0.356,0.503,0.331,88.816,-8.937,1,9,0.766,2.51e-06,0.871,0.0734,0,223947,35,1996,2/9/1996,Chanukah Song - The,Comedy/Spoken,4.0
28790,['Eddie Murphy'],[142208],0.46,0.358,0.352,98.156,-23.64,1,6,0.805,0.0,0.971,0.908,1,153133,22,1982,1982,Black Movie Theaters,Comedy/Spoken,4.0
86980,['The Lonely Island'],[1036613],0.604,0.819,0.676,73.07,-4.224,0,4,0.0332,0.0,0.132,0.447,1,106813,53,2009,2009,Like A Boss,Comedy/Spoken,4.0
86979,['The Lonely Island'],[1036613],0.641,0.87,0.199,122.016,-7.175,1,7,0.000468,1.4e-05,0.618,0.213,1,151347,55,2009,2009,**** In My Pants,Comedy/Spoken,4.0
78813,['Steven Wright'],[47246],0.399,0.995,0.0303,128.39,-9.029,1,6,0.889,0.0,0.752,0.878,0,245840,40,2007,9/25/2007,This Woman I Met,Comedy/Spoken,4.0
92489,['Tom Lehrer'],[611877],0.567,0.508,0.762,120.719,-17.013,1,0,0.899,0.0,0.917,0.922,0,119013,10,1960,1/1/1960,The Hunting Song,Comedy/Spoken,4.0
11927,['Bill Cosby'],[70534],0.55,0.701,0.53,63.199,-12.25,0,5,0.916,0.0,0.77,0.934,0,105600,11,1963,1963,Hoof and Mouth,Comedy/Spoken,4.0
1313,['Jack Kerouac'],[120487],0.689,0.247,0.501,65.194,-17.59,1,1,0.975,1.54e-06,0.124,0.874,0,197440,19,1959,1959,Sounds of the Universe Coming in My Window (with Steve Allen),Comedy/Spoken,4.0
43024,['Jerry Lewis'],[278559],0.354,0.329,0.612,78.712,-8.24,0,4,0.473,0.0,0.0503,0.0332,0,172200,11,1956,1/1/1956,Come Rain Or Come Shine,Comedy/Spoken,4.0
15178,['Bob Newhart'],[67561],0.443,0.848,0.343,92.911,-14.273,1,11,0.831,0.0,0.724,0.842,0,97360,9,1960,1960,An Infinite Number of Monkeys,Comedy/Spoken,4.0
11909,['Bill Cosby'],[70534],0.709,0.595,0.446,118.514,-18.71,1,1,0.674,0.000274,0.707,0.568,0,113360,13,1964,1964,Ralph Jameson,Comedy/Spoken,4.0
19939,['Cheech & Chong'],[106298],0.527,0.814,0.465,148.064,-8.791,1,9,0.00408,7.77e-05,0.218,0.0375,0,185200,25,1978,1978,Rock Fight,Comedy/Spoken,4.0
81655,['The Smothers Brothers'],[899198],0.53,0.326,0.665,134.855,-20.195,1,2,0.786,0.0,0.985,0.863,0,168187,12,1962,1962,Chocolate,Comedy/Spoken,4.0
72805,['Robin Williams'],[287860],0.6,0.831,0.204,103.99,-12.03,1,6,0.909,0.0,0.833,0.954,0,327867,26,1986,4/11/1986,Alcohol - Live,Comedy/Spoken,4.0
78814,['Steven Wright'],[47246],0.389,0.97,0.0688,145.489,-11.208,0,10,0.839,1.55e-06,0.87,0.92,0,148707,22,1985,1985,Ice,Comedy/Spoken,4.0
28797,['Eddie Murphy'],[142208],0.875,0.693,0.677,116.508,-11.9,0,4,0.257,0.0011,0.0913,0.191,0,250133,30,1982,1982,Boogie in Your Butt,Comedy/Spoken,4.0
28788,['Eddie Murphy'],[142208],0.379,0.869,0.347,109.951,-11.367,0,1,0.831,0.0,0.984,0.697,1,204840,24,1982,1982,Ice Cream Man,Comedy/Spoken,4.0
92480,['Tom Lehrer'],[611877],0.565,0.557,0.738,126.315,-17.418,1,0,0.912,6.32e-06,0.535,0.934,0,159973,13,1960,1/1/1960,Be Prepared,Comedy/Spoken,4.0
72029,['Richard Pryor'],[295415],0.559,0.74,0.248,61.793,-13.591,0,9,0.824,0.0,0.863,0.95,1,150307,23,1975,1975,Have Your **** Home by ***** - Remastered Version,Comedy/Spoken,4.0
72798,['Robin Williams'],[287860],0.509,0.973,0.0389,77.81,-9.552,0,6,0.93,0.0,0.841,0.914,0,118427,27,1986,4/11/1986,Opening - Live,Comedy/Spoken,4.0
61708,['Mitch Hedberg'],[898946],0.511,0.93,0.209,132.05,-9.501,1,2,0.937,3.02e-06,0.949,0.95,1,220093,41,2008,9/9/2008,The Improv Fairy Tale,Comedy/Spoken,4.0
19938,['Cheech & Chong'],[106298],0.704,0.808,0.855,124.46,-4.546,1,10,0.532,0.0,0.317,0.44,0,166920,26,1978,1978,Framed,Comedy/Spoken,4.0
28787,['Eddie Murphy'],[142208],0.507,0.952,0.414,139.226,-9.386,1,11,0.938,0.0,0.967,0.92,1,106200,24,1982,1982,The Barbecue,Comedy/Spoken,4.0
15176,['Bob Newhart'],[67561],0.495,0.918,0.31,102.562,-10.17,1,6,0.961,0.0,0.914,0.908,0,475293,8,1961,1961,The African Movie,Comedy/Spoken,4.0
92490,['Tom Lehrer'],[611877],0.627,0.658,0.894,63.631,-11.671,1,5,0.837,0.0,0.722,0.912,0,105960,18,1965,1/1/1965,Send The Marines,Comedy/Spoken,4.0
25330,['Denis Leary'],[238245],0.378,0.664,0.649,172.866,-10.652,1,2,0.554,0.0,0.154,0.249,0,266173,48,1993,1/1/1993,****,Comedy/Spoken,4.0
72833,['Robin Williams'],[287860],0.59,0.47,0.145,110.127,-21.012,0,8,0.875,0.0,0.971,0.927,1,231265,20,1983,1/1/1983,Christopher,Comedy/Spoken,4.0
78815,['Steven Wright'],[47246],0.39,0.89,0.159,90.765,-10.397,1,0,0.73,1.44e-06,0.362,0.887,0,290613,22,1985,1985,Rachel,Comedy/Spoken,4.0
92455,['Tom Lehrer'],[611877],0.422,0.309,0.587,85.266,-18.206,1,5,0.942,0.0,0.963,0.494,0,115120,21,1960,1/1/1960,I Hold Your **** In Mine,Comedy/Spoken,4.0
78811,['Steven Wright'],[47246],0.387,0.948,0.0388,82.07,-11.635,1,2,0.83,1.94e-06,0.86,0.919,0,207880,25,1985,1985,*** Stay,Comedy/Spoken,4.0
78810,['Steven Wright'],[47246],0.37,0.942,0.0456,145.389,-11.139,1,1,0.811,3e-06,0.908,0.916,0,254920,26,1985,1985,Introduction,Comedy/Spoken,4.0
5716,['Adam Sandler'],[500612],0.405,0.558,0.433,85.891,-10.194,0,8,0.699,0.0,0.659,0.465,0,303040,34,1993,9/24/1993,Lunchlady Land,Comedy/Spoken,4.0
43015,['Jerry Lewis'],[278559],0.683,0.456,0.904,79.303,-9.624,0,8,0.543,0.0,0.343,0.032,0,137067,7,1956,1/1/1956,********* I'm Happy,Comedy/Spoken,4.0
43016,['Jerry Lewis'],[278559],0.576,0.328,0.706,79.834,-11.015,1,3,0.557,0.0,0.0743,0.0336,0,177827,7,1956,1/1/1956,Get Happy,Comedy/Spoken,4.0
15175,['Bob Newhart'],[67561],0.512,0.866,0.294,121.782,-10.12,0,3,0.957,0.0,0.883,0.903,0,412200,8,1961,1961,The Seven Lost Cities of the Incas,Comedy/Spoken,4.0
1298,['Jack Kerouac'],[120487],0.556,0.137,0.432,144.175,-24.019,0,0,0.922,4.23e-06,0.185,0.369,0,96373,15,1959,1959,The Moon Her Majesty (with Steve Allen),Comedy/Spoken,4.0
11932,['Bill Cosby'],[70534],0.551,0.604,0.344,124.325,-12.264,1,6,0.949,0.0,0.721,0.936,0,906707,13,1966,1966,Tonsils,Comedy/Spoken,4.0
1317,['Jack Kerouac'],[120487],0.597,0.151,0.424,83.949,-20.435,0,5,0.958,0.0,0.155,0.568,0,232773,15,1959,1959,Bowery ***** (with Steve Allen),Comedy/Spoken,4.0
92477,['Tom Lehrer'],[611877],0.491,0.507,0.457,88.701,-13.84,1,5,0.915,0.0,0.816,0.931,0,330707,14,1959,1/1/1959,We Will All Go Together When We Go,Comedy/Spoken,4.0
16744,['Brian Regan'],[615937],0.538,0.444,0.334,82.715,-15.407,1,7,0.826,0.0,0.946,0.903,0,400733,42,1997,10/28/1997,Lousy In Little League,Comedy/Spoken,4.0
86978,['The Lonely Island'],[1036613],0.761,0.871,0.828,134.145,-4.088,1,1,0.0459,0.0,0.0658,0.324,0,159000,47,2011,1/1/2011,The Creep,Comedy/Spoken,4.0
92483,['Tom Lehrer'],[611877],0.555,0.346,0.394,129.224,-19.16,1,2,0.917,0.0,0.802,0.899,0,171573,12,1960,1/1/1960,"Fight Fiercely, Harvard",Comedy/Spoken,4.0
43023,['Jerry Lewis'],[278559],0.226,0.178,0.0989,70.726,-13.551,1,5,0.864,8.81e-06,0.358,0.0315,0,202173,9,1956,1/1/1956,By Myself,Comedy/Spoken,4.0
72819,['Robin Williams'],[287860],0.496,0.873,0.186,69.595,-11.872,1,7,0.882,0.0,0.94,0.958,0,254547,24,1986,4/11/1986,Childbirth - Live,Comedy/Spoken,4.0
94982,['Victor Borge'],[203804],0.536,0.381,0.0375,90.109,-20.914,1,8,0.761,0.0,0.876,0.831,0,351533,0,1955,4/11/1955,Phonetic Punctuation,Comedy/Spoken,4.0
72825,['Robin Williams'],[287860],0.634,0.84,0.189,113.763,-11.473,1,1,0.78,0.0,0.973,0.925,1,128320,23,1986,4/11/1986,Pregnancy - Live,Comedy/Spoken,4.0
16739,['Brian Regan'],[615937],0.561,0.64,0.496,93.148,-13.327,1,5,0.85,6.33e-06,0.927,0.872,0,102800,33,1997,10/28/1997,Monster Truck Drivers,Comedy/Spoken,4.0
23233,['Daniel Tosh'],[1453090],0.571,0.818,0.286,83.453,-10.146,1,1,0.804,0.0,0.902,0.948,0,501627,39,2005,11/8/2005,America The Augmented,Comedy/Spoken,4.0
92479,['Tom Lehrer'],[611877],0.487,0.228,0.529,75.821,-14.222,1,0,0.982,0.0,0.17,0.0928,0,108813,14,1959,1/1/1959,***** My ****,Comedy/Spoken,4.0
11940,['Bill Cosby'],[70534],0.52,0.78,0.152,108.327,-10.894,1,10,0.836,0.0,0.725,0.932,0,477040,20,1982,1/1/1982,Same Thing Happens Every *****,Comedy/Spoken,4.0
1312,['Jack Kerouac'],[120487],0.654,0.195,0.462,123.487,-18.748,1,5,0.99,0.0023,0.109,0.257,0,223267,20,1959,1959,Charlie Parker (with Steve Allen),Comedy/Spoken,4.0
11924,['Bill Cosby'],[70534],0.446,0.736,0.22,77.607,-12.685,1,11,0.922,0.0,0.915,0.942,0,742400,14,1966,1966,Chicken Heart,Comedy/Spoken,4.0
72028,['Richard Pryor'],[295415],0.475,0.897,0.374,61.517,-12.322,1,1,0.757,0.000433,0.715,0.946,1,55133,23,1975,1975,Black Man / White Woman - Remastered,Comedy/Spoken,4.0
72829,['Robin Williams'],[287860],0.577,0.64,0.123,116.357,-21.889,0,11,0.831,0.00015,0.869,0.874,1,138606,20,1983,1/1/1983,Babies,Comedy/Spoken,4.0
47360,['Jonathan Winters'],[824219],0.559,0.338,0.738,134.877,-21.967,0,10,0.993,0.000949,0.74,0.903,0,362147,4,1960,1960,Hip Robin Hood,Comedy/Spoken,4.0
10901,['Bebe Neuwirth'],[792051],0.641,0.304,0.719,137.238,-12.75,1,5,0.752,0.0,0.322,0.489,0,374573,40,1997,1/27/1997,Cell Block Tango,Comedy/Spoken,4.0
73683,['Rudy Ray Moore'],[364861],0.584,0.425,0.56,108.58,-6.973,0,2,0.979,2.32e-05,0.817,0.251,0,117216,9,1962,1962,In the Army-the Beatnik Fairy,Comedy/Spoken,4.0
92461,['Tom Lehrer'],[611877],0.577,0.413,0.746,119.243,-17.626,1,10,0.903,0.0,0.71,0.883,0,176120,17,1960,1/1/1960,I Wanna Go Back To Dixie,Comedy/Spoken,4.0
92473,['Tom Lehrer'],[611877],0.519,0.458,0.498,110.804,-14.234,1,2,0.953,1.05e-06,0.936,0.775,0,395573,16,1959,1/1/1959,In Old Mexico,Comedy/Spoken,4.0
16735,['Brian Regan'],[615937],0.612,0.501,0.464,56.863,-13.787,1,6,0.8,3.21e-06,0.781,0.936,0,69240,38,1997,10/28/1997,Crank *****,Comedy/Spoken,4.0
10902,['Bebe Neuwirth'],[792051],0.501,0.0877,0.29,97.935,-16.34,1,0,0.778,0.0,0.225,0.0341,0,286533,2,1947,1947,"******** (from ""Chicago"")",Comedy/Spoken,4.0
86976,['The Lonely Island'],[1036613],0.638,0.924,0.519,169.948,-3.978,0,6,0.111,0.0,0.359,0.405,1,146867,46,2009,2009,Natalie's Rap,Comedy/Spoken,4.0
94985,['Victor Borge'],[203804],0.551,0.574,0.164,112.9,-15.504,1,2,0.909,1.08e-06,0.834,0.914,0,553773,6,1953,1953,A Mozart Opera by Borge - Voice,Comedy/Spoken,4.0
94986,['Victor Borge'],[203804],0.428,0.708,0.0367,75.309,-19.435,1,6,0.791,0.0,0.983,0.937,0,371840,4,1953,1953,Family Background,Comedy/Spoken,4.0
72800,['Robin Williams'],[287860],0.513,0.331,0.616,79.248,-22.549,1,10,0.82,0.0,0.815,0.943,1,245522,24,1979,1/1/1979,Pop Goes The Weasel,Comedy/Spoken,4.0
92451,['Tom Lehrer'],[611877],0.536,0.533,0.81,117.675,-12.045,1,2,0.861,0.0,0.702,0.818,0,128573,15,1965,1/1/1965,George Murphy,Comedy/Spoken,4.0
72828,['Robin Williams'],[287860],0.526,0.711,0.198,51.678,-12.812,1,10,0.948,0.0,0.733,0.954,0,196880,22,1986,4/11/1986,...And the Future - Live,Comedy/Spoken,4.0
16736,['Brian Regan'],[615937],0.577,0.474,0.323,89.767,-14.456,1,5,0.795,0.0,0.726,0.894,0,391773,36,1997,10/28/1997,Big Family Stuff,Comedy/Spoken,4.0
35810,['George Carlin'],[639005],0.624,0.69,0.542,85.129,-13.651,1,1,0.744,0.0,0.791,0.947,1,445067,28,1990,11/20/1990,Feminist ****,Comedy/Spoken,4.0
81651,['The Smothers Brothers'],[899198],0.658,0.209,0.944,129.929,-19.202,1,4,0.788,0.0,0.223,0.0362,0,129853,6,1962,1962,Stella's Got A New Dress,Comedy/Spoken,4.0
94983,['Victor Borge'],[203804],0.471,0.599,0.0378,84.792,-18.474,1,11,0.707,1.21e-06,0.945,0.87,0,355427,7,1953,1953,Phonetic Punctuation - Voice,Comedy/Spoken,4.0
92460,['Tom Lehrer'],[611877],0.569,0.607,0.194,117.335,-15.267,1,7,0.944,0.0,0.901,0.903,0,223400,20,1959,1/1/1959,Oedipus Rex,Comedy/Spoken,4.0
72823,['Robin Williams'],[287860],0.617,0.869,0.125,61.2,-12.754,1,6,0.828,0.0,0.97,0.96,0,92773,23,1986,4/11/1986,Spring - Live,Comedy/Spoken,4.0
1076,['Dick Gregory'],[211197],0.561,0.526,0.67,154.069,-12.972,0,11,0.957,1.16e-05,0.54,0.945,0,138240,4,1961,1961,Thoughts on Outer *****,Comedy/Spoken,4.0
92443,['Tom Lehrer'],[611877],0.602,0.479,0.928,121.708,-13.894,1,0,0.904,0.0,0.728,0.912,0,144720,17,1965,1/1/1965,MLF Lullaby,Comedy/Spoken,4.0
16737,['Brian Regan'],[615937],0.488,0.404,0.383,48.991,-19.636,1,9,0.895,1.42e-06,0.688,0.898,0,82467,34,1997,10/28/1997,Whale Noises,Comedy/Spoken,4.0
72820,['Robin Williams'],[287860],0.527,0.942,0.11,165.202,-10.92,0,11,0.834,0.0,0.828,0.955,0,97933,23,1986,4/11/1986,Men's Parts - Live,Comedy/Spoken,4.0
73679,['Rudy Ray Moore'],[364861],0.568,0.367,0.64,170.742,-11.919,1,11,0.977,1.21e-06,0.837,0.84,0,153665,9,1959,1959,Gloves and ****,Comedy/Spoken,4.0
72802,['Robin Williams'],[287860],0.508,0.526,0.104,85.223,-24.607,1,10,0.823,4.25e-06,0.845,0.94,1,337355,25,1983,1/1/1983,Throbbing Python Of Love,Comedy/Spoken,4.0
92208,['Tiny Tim'],[603980],0.565,0.449,0.531,103.76,-18.278,0,3,0.882,0.00701,0.0922,0.0551,0,160040,20,1968,1968,Stay Down Here Where You Belong,Comedy/Spoken,4.0
92486,['Tom Lehrer'],[611877],0.685,0.32,0.869,125.949,-12.789,1,0,0.971,0.0,0.199,0.397,0,160347,11,1959,1/1/1959,It Makes A Fellow Proud To Be A Soldier,Comedy/Spoken,4.0
92452,['Tom Lehrer'],[611877],0.543,0.535,0.842,92.334,-12.283,1,3,0.903,0.0,0.767,0.824,0,132840,14,1965,1/1/1965,Whatever Became Of Hubert?,Comedy/Spoken,4.0
43017,['Jerry Lewis'],[278559],0.423,0.135,0.42,129.592,-14.58,1,0,0.632,0.0,0.124,0.0288,0,152427,6,1956,1/1/1956,Bye Bye Baby,Comedy/Spoken,4.0
42513,['Jeff Foxworthy'],[225690],0.469,0.825,0.0617,167.683,-12.66,1,4,0.751,0.0,0.843,0.941,0,162933,31,1993,6/15/1993,You Might Be a Redneck If...,Comedy/Spoken,4.0
11942,['Bill Cosby'],[70534],0.545,0.556,0.579,93.059,-12.783,0,8,0.94,0.0,0.733,0.931,0,195360,17,1963,1963,A Nut in Every Car,Comedy/Spoken,4.0
1073,['Dick Gregory'],[211197],0.479,0.67,0.536,82.107,-12.73,1,1,0.948,2.98e-05,0.742,0.942,0,344120,6,1961,1961,Congo Daily Tribune,Comedy/Spoken,4.0
28792,['Eddie Murphy'],[142208],0.506,0.934,0.22,172.728,-9.513,1,1,0.934,3.14e-06,0.651,0.945,1,191533,22,1982,1982,Boxers,Comedy/Spoken,4.0
28786,['Eddie Murphy'],[142208],0.527,0.94,0.21,87.543,-9.718,1,6,0.845,0.0,0.945,0.887,1,487907,27,1982,1982,Drinking *******,Comedy/Spoken,4.0
11907,['Bill Cosby'],[70534],0.594,0.263,0.673,71.281,-17.354,0,10,0.931,0.0,0.914,0.943,0,116133,15,1964,1964,Sneakers,Comedy/Spoken,4.0
81649,['The Smothers Brothers'],[899198],0.457,0.277,0.38,147.983,-21.019,1,7,0.718,0.0,0.689,0.724,0,183240,9,1962,1962,Laredo,Comedy/Spoken,4.0
19937,['Cheech & Chong'],[106298],0.704,0.808,0.855,124.46,-4.546,1,10,0.532,0.0,0.317,0.44,0,166920,25,1976,1976,Framed,Comedy/Spoken,4.0
15173,['Bob Newhart'],[67561],0.418,0.908,0.293,73.583,-10.612,1,1,0.971,9.55e-06,0.83,0.936,0,440147,12,1961,1961,Rocket Scientist,Comedy/Spoken,4.0
11926,['Bill Cosby'],[70534],0.601,0.639,0.71,105.376,-10.609,1,10,0.911,0.0,0.737,0.92,0,105387,10,1963,1963,The Pep Talk,Comedy/Spoken,4.0
11936,['Bill Cosby'],[70534],0.589,0.361,0.828,70.748,-16.917,1,8,0.959,0.0,0.73,0.952,0,45533,10,1964,1964,My Pet Rhinoceros,Comedy/Spoken,4.0
92476,['Tom Lehrer'],[611877],0.718,0.268,0.873,112.344,-14.751,1,0,0.982,0.0,0.122,0.27,0,99640,14,1959,1/1/1959,Oedipus Rex,Comedy/Spoken,4.0
1307,['Jack Kerouac'],[120487],0.686,0.033,0.0976,94.376,-23.591,1,5,0.983,8.25e-06,0.147,0.07,0,229227,10,1959,1959,The Last Hotel & **** of Dharma,Comedy/Spoken,4.0
92484,['Tom Lehrer'],[611877],0.528,0.227,0.522,94.271,-18.279,1,0,0.957,0.0,0.803,0.19,0,178240,11,1960,1/1/1960,My Home Town,Comedy/Spoken,4.0
72832,['Robin Williams'],[287860],0.504,0.526,0.389,95.052,-20.955,1,1,0.842,2.5e-06,0.962,0.935,1,655592,20,1979,1/1/1979,Shakespeare (A Meltdowner's **********,Comedy/Spoken,4.0
92206,['Tiny Tim'],[603980],0.526,0.215,0.628,140.314,-20.805,1,4,0.883,0.209,0.208,0.0382,0,172373,22,1968,1968,Then I'd Be Satisfied with My Life,Comedy/Spoken,4.0
16741,['Brian Regan'],[615937],0.73,0.538,0.684,94.155,-14.616,1,7,0.778,0.0,0.682,0.948,0,62000,32,1997,10/28/1997,Evel Knievel,Comedy/Spoken,4.0
92470,['Tom Lehrer'],[611877],0.487,0.486,0.348,129.26,-16.101,1,0,0.945,3.85e-06,0.984,0.882,0,281053,16,1959,1/1/1959,Clementine,Comedy/Spoken,4.0
78661,['Steve Martin'],[43444],0.513,0.772,0.689,123.184,-11.598,1,9,0.573,0.0,0.854,0.489,0,219840,27,1978,6/1/1978,King Tut,Comedy/Spoken,4.0
81650,['The Smothers Brothers'],[899198],0.533,0.106,0.345,122.972,-23.955,1,4,0.762,0.0,0.685,0.446,0,311800,11,1964,1964,Crabs Walk Sideways,Comedy/Spoken,4.0
19940,['Cheech & Chong'],[106298],0.681,0.407,0.11,80.179,-19.488,1,11,0.403,0.0,0.104,0.943,0,83693,24,1978,1978,Dave,Comedy/Spoken,4.0
92209,['Tiny Tim'],[603980],0.603,0.276,0.86,99.561,-19.238,1,4,0.911,0.00237,0.484,0.0871,0,125933,51,1968,1968,"Livin' in the Sunlight, Lovin' in the Moon Light",Comedy/Spoken,4.0
1923,['Spike Jones'],[744548],0.47,0.933,0.631,164.328,-6.697,1,10,0.981,0.786,0.853,0.21,0,143685,0,1943,10/14/1943,"Hotcha Cornia, Black Eyes",Comedy/Spoken,4.0
11929,['Bill Cosby'],[70534],0.612,0.316,0.723,138.383,-17.875,1,1,0.935,0.0,0.802,0.931,0,228453,10,1964,1964,Seattle,Comedy/Spoken,4.0
35812,['George Carlin'],[639005],0.519,0.642,0.401,109.43,-15.185,1,7,0.826,0.0,0.946,0.894,1,287867,28,1990,11/20/1990,********* Language,Comedy/Spoken,4.0
16742,['Brian Regan'],[615937],0.512,0.518,0.278,53.3,-15.388,1,6,0.794,0.0,0.681,0.921,0,316560,45,1997,10/28/1997,**** In School,Comedy/Spoken,4.0
11935,['Bill Cosby'],[70534],0.569,0.698,0.384,124.75,-11.577,1,6,0.965,0.0,0.947,0.944,0,196560,13,1966,1966,The Playground,Comedy/Spoken,4.0
92456,['Tom Lehrer'],[611877],0.531,0.314,0.546,69.59,-18.402,0,2,0.897,0.0,0.778,0.938,0,313707,20,1960,1/1/1960,The Irish Ballad,Comedy/Spoken,4.0
92474,['Tom Lehrer'],[611877],0.602,0.426,0.754,91.03,-12.279,1,0,0.894,0.0,0.854,0.443,0,136373,22,1965,1/1/1965,Pollution,Comedy/Spoken,4.0
72644,['Robert Klein'],[245133],0.531,0.106,0.295,131.263,-20.683,1,2,0.903,2.61e-05,0.137,0.0527,0,162640,42,1979,1/1/1979,Fallin' - **** Original Broadway Cast,Comedy/Spoken,4.0
11933,['Bill Cosby'],[70534],0.635,0.397,0.745,110.449,-15.765,1,10,0.955,0.0,0.771,0.938,0,224987,10,1964,1964,Medic,Comedy/Spoken,4.0
62037,['Monty Python'],[492670],0.799,0.43,0.867,121.922,-12.871,1,2,0.222,0.0,0.125,0.0953,0,191187,21,1980,1980,I Like Chinese,Comedy/Spoken,4.0
1303,['Jack Kerouac'],[120487],0.659,0.15,0.545,116.148,-21.753,0,9,0.972,8.34e-06,0.152,0.479,0,203440,14,1959,1959,Mcdougal Street ***** (with Steve Allen),Comedy/Spoken,4.0
